feature_1,feature_2,feature_3,feature_4,feature_5,label
52,93,15,72,61,4
21,83,87,75,75,4
88,100,24,3,22,0
53,2,88,30,38,3
2,64,60,21,33,1
76,58,22,89,49,3
91,59,42,92,60,3
80,15,62,62,47,3
62,51,55,64,3,0
51,7,21,73,39,0
18,4,89,60,14,1
9,90,53,2,84,3
92,60,71,44,8,0
47,35,78,81,36,1
50,4,2,6,54,1
4,54,93,63,18,3
90,44,34,74,62,2
100,14,95,48,15,3
72,78,87,62,40,2
85,80,82,53,24,1
26,89,60,41,29,0
15,45,65,89,71,4
9,88,1,8,88,1
63,11,81,8,35,0
35,33,5,41,28,1
7,73,72,12,34,3
33,48,23,62,88,2
37,99,44,86,91,1
35,65,99,47,78,0
3,1,5,90,14,3
27,9,79,15,90,4
42,77,51,63,96,3
52,96,4,94,23,2
15,43,29,36,13,3
32,71,59,86,28,4
66,42,45,62,57,0
6,28,28,44,84,1
30,62,75,92,89,2
62,97,1,27,62,4
77,3,70,72,27,2
9,62,37,97,51,3
44,24,79,59,32,2
96,88,52,62,58,4
52,12,39,2,3,1
56,81,59,2,2,1
92,54,87,96,97,2
1,19,2,53,44,0
90,32,70,32,68,2
55,75,56,17,38,3
24,69,98,70,86,1
11,16,97,73,59,1
70,80,93,3,20,1
59,36,19,90,67,0
19,20,96,71,52,0
33,40,39,82,1,4
11,92,57,89,50,2
23,31,94,42,99,2
7,16,90,60,2,3
1,48,12,69,37,1
32,9,99,19,48,0
80,3,20,24,54,3
33,24,75,72,36,3
38,84,99,89,99,0
25,93,18,82,66,2
54,35,80,61,41,1
100,33,68,33,14,2
21,48,20,8,7,3
67,17,33,48,76,1
59,86,22,30,38,4
51,54,8,27,27,3
98,21,30,97,28,2
64,97,69,61,48,2
19,4,35,64,49,2
17,44,92,30,93,0
46,6,99,37,24,3
93,46,53,95,99,1
60,97,63,85,32,2
87,33,67,18,25,2
95,54,58,67,46,0
24,32,47,86,23,1
66,27,2,90,17,3
33,9,43,48,39,4
93,42,26,99,50,0
25,24,13,60,7,3
57,36,45,20,65,4
8,16,14,76,87,2
15,92,98,66,32,2
87,63,86,51,25,1
58,63,62,22,58,4
58,86,49,52,42,2
70,15,54,60,97,2
8,53,60,5,68,1
6,96,94,47,99,3
55,40,52,16,13,2
30,19,17,63,19,0
92,58,55,90,90,0
62,23,9,12,1,3
58,1,34,96,48,4
89,1,16,61,64,1
63,69,22,93,67,0
76,26,16,51,86,0
57,29,78,92,69,3
47,94,62,69,76,4
16,90,90,48,85,4
39,100,33,94,23,3
10,69,100,34,52,0
95,10,19,58,96,1
1,69,4,16,24,0
80,2,92,32,91,4
84,24,12,50,35,0
33,33,61,51,43,1
12,67,65,33,40,2
74,43,44,29,13,0
12,95,46,2,35,3
87,81,90,8,93,2
26,74,90,34,7,3
68,58,75,29,36,3
89,21,36,10,73,3
24,64,99,49,99,0
36,82,96,24,23,4
62,96,37,12,55,2
13,23,89,99,30,1
17,62,84,89,86,4
13,59,19,49,100,0
12,61,19,76,9,3
71,28,78,95,52,1
83,16,69,99,12,2
25,52,85,100,53,4
23,16,57,39,53,4
42,58,39,14,95,1
5,35,87,93,75,0
18,76,9,74,58,2
17,7,46,13,40,1
42,9,50,27,66,3
5,29,37,38,83,2
8,65,86,17,71,4
89,45,4,36,70,1
31,19,61,54,39,4
91,74,90,19,39,4
67,45,13,92,58,4
20,92,72,61,39,0
1,3,77,92,62,4
63,25,56,33,38,3
6,58,44,45,32,3
45,61,47,21,80,2
85,75,36,99,19,4
20,57,18,47,49,4
14,15,31,1,54,1
3,16,87,57,75,0
12,74,96,16,72,2
76,24,28,8,92,4
36,90,8,58,60,1
50,28,92,41,100,0
64,27,63,17,73,2
33,84,77,92,29,2
13,46,35,6,82,4
69,47,25,66,10,2
56,30,5,33,65,1
18,96,49,11,85,2
26,63,89,86,59,3
27,49,77,33,98,1
99,1,21,55,6,0
92,81,69,95,5,0
3,53,23,53,37,4
74,74,83,17,85,4
78,73,1,51,45,3
77,4,62,65,32,0
34,92,95,72,39,0
26,34,54,3,50,0
12,65,54,5,94,0
94,57,17,47,23,2
79,85,14,66,75,1
51,38,64,98,38,1
50,98,82,30,79,3
91,51,63,98,52,2
38,97,88,79,30,0
51,81,5,29,4,0
10,56,17,74,17,4
84,88,69,34,6,4
53,66,77,43,75,3
23,55,80,95,75,0
16,8,4,4,56,3
25,67,96,67,27,2
93,32,50,61,51,1
19,21,5,82,92,0
42,61,22,21,70,2
1,5,12,90,46,0
34,49,78,90,45,4
27,73,26,47,86,3
56,94,63,48,61,4
81,26,36,1,8,1
99,52,79,47,56,4
86,14,90,28,87,0
78,88,2,26,14,4
59,56,7,3,23,0
18,38,99,15,64,1
89,28,74,39,57,4
17,86,90,44,25,3
17,13,84,25,68,3
10,67,18,100,86,3
34,8,40,83,42,4
41,6,52,26,64,4
98,59,56,59,70,4
33,53,22,21,70,0
70,4,94,75,62,1
62,94,95,24,55,3
9,3,31,40,36,0
24,95,6,66,84,3
92,75,4,79,6,0
94,51,62,57,66,4
79,75,8,26,51,3
45,44,5,70,26,4
68,19,84,97,20,3
12,47,1,90,14,2
64,38,37,11,100,0
77,3,33,6,50,2
10,5,23,10,44,0
2,13,40,2,84,1
65,63,73,17,9,3
75,15,24,38,35,1
94,95,49,69,62,1
60,50,78,75,9,0
34,76,99,35,1,2
40,64,22,60,64,4
93,72,11,14,60,0
30,35,85,37,5,4
83,78,26,62,4,1
89,42,89,18,40,4
72,39,14,32,51,2
38,97,23,63,15,0
97,25,17,97,66,2
78,53,51,39,51,2
70,6,67,7,51,0
72,42,64,15,29,2
33,94,27,36,29,3
38,57,97,27,55,3
33,68,86,66,10,3
5,74,97,38,13,4
31,47,100,88,52,2
56,15,29,8,5,0
29,47,68,76,45,0
2,27,95,36,36,4
26,43,27,69,20,0
11,74,38,6,72,3
23,47,90,46,12,2
90,13,62,82,89,0
97,60,43,76,100,0
68,5,37,72,92,1
31,9,51,29,78,1
40,41,86,11,23,1
1,46,21,90,36,2
54,87,57,1,63,3
54,55,40,15,21,3
47,73,53,9,74,3
52,57,26,41,35,2
63,25,90,75,38,2
2,7,82,91,34,1
91,17,43,59,51,0
54,24,25,71,52,4
70,88,33,49,29,4
63,22,26,28,85,0
49,71,81,84,49,1
20,86,92,63,61,0
49,71,1,96,13,0
94,87,51,56,83,4
62,32,30,29,49,1
45,93,30,16,40,2
19,18,1,78,47,4
66,92,94,38,51,2
63,4,1,8,29,1
55,3,32,10,74,0
83,34,97,87,55,3
92,32,50,7,93,3
8,65,57,67,88,1
87,59,72,54,67,3
51,97,92,8,34,2
35,96,88,78,32,3
46,16,68,37,54,1
85,14,95,55,48,1
82,7,74,7,33,2
23,85,19,19,36,3
29,60,82,2,1,3
47,69,20,11,2,0
67,87,12,20,5,4
37,38,94,9,98,1
53,44,99,86,24,0
81,74,30,59,87,1
96,81,81,14,9,0
40,66,25,73,22,4
4,26,58,29,98,0
87,37,75,70,18,1
85,42,100,41,38,3
34,17,37,25,76,1
87,86,85,27,57,2
31,6,91,40,98,2
12,53,71,10,45,2
17,26,85,92,62,2
46,64,2,54,65,4
51,53,36,26,29,3
21,11,40,11,36,3
59,39,99,54,98,1
55,24,22,69,56,0
33,36,20,83,99,1
81,62,98,73,26,1
66,73,73,40,17,1
1,89,61,43,42,1
25,39,35,3,44,3
51,94,98,12,19,0
44,59,49,61,17,1
74,57,55,47,12,3
62,80,88,83,8,1
95,21,81,87,80,2
70,72,25,82,89,1
12,15,59,26,26,1
47,32,10,16,71,4
17,23,26,85,86,2
7,14,79,7,9,0
48,72,59,87,93,1
82,95,94,39,99,0
18,59,17,14,31,2
24,99,60,45,98,1
3,37,43,40,90,4
55,87,39,15,4,3
93,86,25,13,82,4
33,16,42,66,55,4
99,42,34,30,13,3
13,18,32,96,99,3
39,46,29,62,93,3
62,57,16,56,10,1
30,25,84,5,65,0
94,49,3,45,14,0
30,68,18,62,37,3
25,48,65,53,79,4
73,15,49,88,68,2
12,59,37,61,43,3
70,39,56,63,46,4
88,11,62,77,98,4
25,71,52,4,59,1
72,20,93,63,54,1
74,98,57,90,41,0
3,6,5,5,54,0
47,87,49,9,99,2
20,61,35,50,82,2
62,17,88,3,32,2
99,13,89,73,68,2
14,98,11,56,67,4
92,29,9,67,25,4
98,76,42,9,79,0
40,25,5,11,59,1
98,88,79,38,72,1
5,48,90,18,70,3
37,60,48,77,28,4
69,77,81,40,45,2
96,62,93,58,67,2
56,40,98,40,91,3
77,33,6,88,19,1
80,40,92,97,59,2
59,48,41,13,45,1
89,53,42,100,63,3
27,38,60,7,5,1
45,58,31,23,42,1
10,32,53,30,39,1
31,82,100,2,78,2
77,93,12,39,66,0
96,13,46,27,17,4
95,98,60,64,88,1
35,70,83,30,71,1
74,96,98,63,28,1
60,79,94,37,93,0
22,68,20,96,100,3
68,91,64,17,12,2
22,17,10,65,22,0
90,82,50,14,64,1
47,29,76,36,99,0
52,76,7,29,11,0
33,6,79,32,51,0
75,58,87,26,98,3
46,98,29,4,81,4
99,13,39,15,29,2
29,75,32,2,47,3
78,84,22,75,27,3
67,81,56,92,93,4
21,47,80,59,84,3
6,19,57,69,3,0
1,58,38,15,34,0
61,35,64,25,24,1
12,18,15,80,27,3
72,60,46,89,17,1
93,53,8,79,27,2
46,50,71,3,93,0
64,44,53,24,60,2
3,20,46,15,25,4
94,78,71,17,84,0
100,9,38,48,60,2
63,86,2,88,72,4
11,64,77,81,72,2
21,18,94,64,82,4
95,38,32,11,45,4
89,33,41,8,11,0
86,51,88,41,17,1
76,46,32,79,80,4
54,86,92,20,33,4
74,40,32,97,2,0
97,33,77,30,33,1
77,26,22,66,38,3
90,46,15,98,44,3
49,75,61,67,6,1
9,6,73,95,32,2
41,76,8,72,50,0
92,62,84,62,7,1
75,84,80,4,6,3
58,22,26,3,41,4
60,14,75,82,12,3
87,12,13,25,45,4
19,55,100,45,8,0
93,53,55,32,51,4
44,82,70,18,83,1
22,37,96,56,59,4
3,28,74,35,61,2
93,54,63,79,97,1
7,76,49,94,85,0
31,58,61,24,20,1
37,4,92,20,60,2
24,50,49,51,96,0
36,98,100,66,79,3
34,36,6,39,42,2
58,12,3,18,40,0
21,15,97,99,26,4
8,100,94,87,42,1
44,14,78,2,37,0
69,38,41,62,60,1
14,89,84,2,70,4
17,89,28,66,35,0
5,65,40,76,56,3
36,45,23,47,31,2
11,10,67,14,80,0
74,93,10,76,94,4
1,5,20,8,43,0
76,1,57,64,84,1
28,37,47,76,37,0
49,44,56,28,79,3
6,61,20,78,2,0
73,37,20,26,29,2
1,35,70,59,69,0
33,51,78,12,20,1
53,88,43,98,89,0
50,29,57,39,95,3
56,43,50,23,44,4
38,84,23,45,52,0
80,50,8,85,1,0
8,29,96,5,86,2
47,34,65,55,90,3
43,74,30,82,17,4
26,8,47,76,91,1
72,89,46,68,33,0
1,19,31,80,14,4
53,48,69,90,62,1
92,66,64,70,63,3
73,33,41,89,48,3
13,73,77,31,75,4
68,98,4,19,70,1
98,82,13,23,83,3
75,1,88,54,71,4
89,85,15,65,76,3
71,15,21,19,60,3
93,89,33,49,96,3
35,44,90,11,99,2
72,78,74,66,46,1
9,3,85,26,72,4
48,66,70,28,93,4
26,25,12,5,98,1
48,37,79,44,100,1
15,43,48,87,70,1
46,43,21,23,80,1
47,15,25,36,75,0
51,15,68,21,13,4
86,19,34,78,68,0
52,27,29,28,35,3
8,16,36,30,18,3
2,49,77,4,90,4
89,94,75,7,95,3
74,39,13,31,71,1
63,56,42,61,42,0
56,36,84,68,7,1
54,1,44,45,47,3
13,22,21,86,92,0
9,26,9,15,10,1
88,42,72,24,80,4
49,26,91,37,68,1
50,24,19,100,60,3
39,74,89,18,19,0
36,74,97,55,69,4
47,49,99,98,33,0
21,81,22,48,37,4
15,35,92,71,32,0
11,10,73,78,77,3
57,25,2,64,35,4
7,85,18,67,42,2
39,41,75,24,60,0
46,19,68,90,42,0
32,39,36,97,36,1
3,73,8,97,70,4
41,68,13,49,60,2
2,60,5,44,27,3
32,21,8,72,50,1
67,44,58,3,86,2
70,2,87,44,2,4
81,35,98,87,30,2
8,22,44,58,36,0
69,77,93,31,47,0
55,80,62,30,55,1
16,12,17,16,12,4
8,84,3,16,30,4
23,92,5,84,65,2
30,21,84,70,22,1
82,72,32,33,16,4
76,38,98,14,36,0
97,23,66,85,2,2
91,73,65,75,67,3
52,62,23,26,68,0
82,55,6,35,22,1
43,15,86,60,12,4
49,42,38,82,45,0
35,30,88,30,78,3
6,67,80,7,52,3
14,73,15,21,35,1
66,91,2,35,82,0
78,20,82,10,25,2
66,25,54,33,36,0
95,14,65,80,54,3
52,3,99,41,6,1
25,13,98,8,21,1
98,68,25,79,68,2
45,60,12,32,96,1
92,13,31,78,20,1
18,93,60,63,6,1
32,93,43,2,60,1
23,83,31,5,83,1
34,10,89,2,11,3
50,31,56,79,73,0
87,83,9,99,21,4
73,28,62,7,80,1
16,97,4,4,40,4
17,52,93,52,36,4
38,50,63,63,62,3
99,7,27,92,86,1
14,71,86,5,55,4
2,62,91,21,79,1
21,10,87,58,39,2
5,65,13,85,90,2
85,53,82,45,32,2
36,81,99,60,11,4
63,21,52,55,26,2
68,34,52,82,99,3
93,52,29,38,42,3
21,42,13,64,17,4
9,41,1,2,60,1
48,29,97,10,58,0
60,21,28,75,34,1
8,59,86,72,49,1
79,17,60,87,88,1
45,83,69,32,44,1
65,87,8,77,72,0
87,43,1,51,24,2
99,24,17,5,20,1
21,58,31,100,11,3
52,15,83,7,28,4
51,58,5,5,94,4
96,8,64,10,38,3
96,92,81,95,8,1
25,73,66,79,50,0
67,49,36,68,78,2
41,89,62,10,21,4
36,12,91,2,13,2
53,32,95,16,32,0
32,98,11,10,15,4
17,40,18,55,73,2
25,59,78,89,22,0
30,84,85,44,32,2
51,46,21,99,32,1
94,39,12,47,18,0
21,13,21,8,46,2
7,23,96,75,86,1
22,89,22,92,29,1
13,82,2,29,85,0
79,52,27,50,95,3
79,23,88,44,77,4
22,43,37,61,97,0
56,3,63,19,23,1
29,30,39,25,8,1
58,16,72,1,5,0
3,65,4,99,96,3
64,98,89,10,21,4
46,91,27,66,41,2
13,9,36,86,90,0
58,54,12,81,78,4
14,34,53,20,75,4
16,95,70,56,83,1
58,4,4,20,10,2
24,99,26,37,85,0
54,21,74,38,46,1
4,60,57,45,20,1
17,71,4,93,14,3
3,88,80,58,55,4
4,24,34,30,82,0
19,31,60,60,19,0
49,63,83,22,24,0
76,30,58,31,100,1
64,19,48,45,100,3
94,55,55,97,18,2
63,92,47,75,57,1
45,33,17,70,4,2
20,47,91,15,70,3
47,78,75,9,90,4
16,69,61,10,50,0
3,77,94,70,81,2
51,19,42,35,46,1
26,69,93,64,37,2
84,49,21,74,64,4
5,100,70,90,4,0
39,35,1,24,57,2
100,70,41,54,46,4
60,60,57,31,84,1
24,89,36,85,30,3
24,30,86,92,7,1
35,55,92,14,10,0
80,16,54,95,89,1
77,70,44,73,45,1
100,56,84,82,57,1
21,68,50,33,91,1
7,70,15,82,32,0
75,20,88,15,48,4
71,21,42,26,14,2
57,37,58,21,82,3
69,3,87,90,37,2
88,49,19,89,85,2
12,61,41,33,50,3
68,71,86,33,81,0
24,61,61,98,28,3
58,43,41,39,86,0
49,17,98,70,70,2
98,65,74,85,5,0
2,22,57,66,74,4
98,16,51,39,86,3
76,88,40,38,60,4
59,10,99,64,63,2
49,64,32,7,21,3
20,26,68,86,15,2
85,79,86,92,14,4
27,40,58,28,26,2
63,66,25,3,72,3
44,97,42,99,6,3
39,52,23,89,50,2
43,19,69,51,11,3
12,74,8,24,92,3
41,36,85,72,55,2
9,47,15,48,82,4
42,60,84,70,12,3
2,7,80,3,3,3
27,40,33,92,1,3
8,32,48,4,94,3
70,19,32,9,12,2
11,46,16,1,63,4
21,30,13,34,4,4
28,95,59,27,69,0
25,3,97,68,25,3
20,34,26,5,99,3
61,92,93,9,50,0
6,83,60,44,11,4
66,47,73,85,88,1
98,86,3,76,92,1
30,90,21,28,90,4
62,33,85,35,52,3
34,41,51,47,82,1
58,75,57,23,48,2
22,17,69,11,94,2
15,91,35,33,84,0
16,34,66,99,40,4
28,47,39,70,73,4
20,1,72,87,63,1
67,4,58,25,47,3
38,15,63,21,99,4
57,53,46,14,100,1
76,17,39,9,99,1
77,79,82,97,6,4
91,23,59,91,98,1
46,38,14,100,72,0
62,35,19,30,78,0
84,25,40,88,14,4
26,87,22,48,83,3
51,3,42,19,73,0
28,84,45,71,78,0
63,73,19,47,14,4
38,53,61,36,40,2
81,30,9,64,33,1
52,89,14,75,53,0
99,59,78,94,41,2
68,68,92,8,2,3
86,41,55,16,93,2
62,48,30,12,35,4
11,64,50,85,21,3
69,48,20,67,44,3
33,73,61,9,68,2
35,81,98,88,96,4
65,8,45,87,47,0
40,76,54,76,46,2
47,15,19,26,52,0
93,22,21,51,38,2
20,29,51,4,55,0
71,92,28,4,22,2
76,45,67,86,66,3
88,34,91,55,1,1
72,87,38,6,86,3
25,82,17,61,12,0
6,90,27,8,83,4
65,57,93,99,40,3
14,35,48,84,56,1
49,13,61,49,46,0
62,8,43,20,97,3
90,39,85,49,64,2
62,54,9,88,37,4
49,41,17,88,21,0
51,59,39,55,41,3
39,13,64,11,19,0
11,77,46,45,1,2
40,19,76,72,72,1
61,12,61,33,45,3
90,92,69,8,25,0
91,46,87,30,47,0
87,49,47,84,82,0
18,66,68,94,33,1
36,82,19,28,40,0
84,97,76,15,41,4
39,2,63,29,74,4
66,51,75,77,10,0
14,82,51,73,39,4
28,3,84,70,27,3
2,93,38,3,16,4
94,40,2,81,41,0
12,35,65,55,45,2
79,90,85,62,49,3
95,25,23,24,38,1
28,21,54,18,36,0
99,45,73,53,30,1
60,98,32,67,67,2
28,44,79,41,63,1
23,75,48,32,57,0
100,33,24,39,34,0
56,28,37,7,68,2
37,56,65,65,47,0
20,19,29,74,60,2
18,92,35,43,95,2
91,11,49,38,64,0
69,8,34,48,56,4
76,65,31,4,50,2
69,30,88,59,67,0
75,45,4,26,27,4
46,64,91,51,50,2
6,59,15,30,42,4
37,42,35,87,6,3
68,18,73,29,77,3
59,47,17,96,22,4
68,69,37,49,13,2
34,86,53,87,51,0
3,42,98,32,51,1
85,46,21,44,11,0
68,1,92,63,24,1
99,13,98,11,100,1
51,17,99,82,86,2
24,19,37,85,8,4
28,5,17,36,19,0
64,91,98,11,54,4
45,47,12,21,11,3
92,5,81,56,20,2
41,46,12,70,17,2
19,26,48,52,96,3
70,55,100,75,33,0
62,88,23,15,27,3
75,64,81,51,53,0
78,91,82,92,51,1
47,4,7,35,48,2
73,72,45,81,81,0
97,96,72,19,63,4
38,67,59,69,13,4
47,61,31,80,96,2
22,93,86,43,67,3
54,10,42,64,21,3
80,76,66,41,24,0
35,56,30,57,94,3
47,35,19,8,26,2
71,30,7,67,65,0
36,25,37,1,15,1
37,13,8,5,60,3
73,1,36,35,66,3
63,23,9,34,46,0
78,4,30,95,75,4
99,72,3,14,60,3
77,45,96,34,45,2
61,83,16,66,40,3
17,34,16,60,66,1
66,90,13,56,31,3
34,39,67,8,87,4
78,55,27,93,53,3
39,65,17,30,53,0
13,21,19,53,19,3
57,25,86,31,81,4
55,23,32,62,74,0
10,100,72,54,52,2
20,32,14,50,28,0
53,24,79,22,30,1
63,4,77,59,87,0
8,82,12,31,78,2
34,82,98,75,76,3
49,79,57,95,93,0
26,18,96,86,38,0
81,87,88,50,8,0
41,6,69,44,64,0
29,28,11,65,19,2
9,27,34,44,68,4
100,82,15,51,13,4
83,49,70,56,76,0
51,37,17,58,87,2
90,29,33,60,91,2
89,55,10,47,23,0
85,21,13,33,24,1
11,17,68,47,25,0
94,73,21,84,83,1
83,12,37,42,17,0
48,28,41,99,47,1
18,78,99,71,13,1
82,13,100,31,2,0
16,9,73,38,75,1
54,56,86,97,100,3
87,45,34,9,88,4
8,7,36,18,3,2
28,70,44,21,28,1
54,54,65,100,21,1
99,13,57,49,54,2
10,53,44,47,53,1
74,46,13,37,24,2
2,86,81,100,14,0
10,35,25,3,17,3
12,54,24,29,43,3
25,100,60,90,65,4
84,28,16,47,81,1
92,58,76,27,53,4
42,59,47,94,34,0
37,6,7,96,96,3
25,33,55,58,7,0
57,12,16,80,43,0
100,77,7,100,51,1
73,32,75,8,97,0
87,89,72,45,86,3
59,4,67,29,29,4
98,98,28,77,79,3
87,44,90,4,90,1
9,5,56,96,84,3
50,75,15,32,28,2
22,17,59,90,71,4
57,26,25,10,45,2
83,11,77,53,72,2
68,95,28,75,65,1
49,47,52,88,54,0
60,57,47,31,46,2
26,5,84,52,75,3
54,33,50,38,27,0
98,15,96,61,21,3
46,69,6,38,62,3
86,62,82,78,74,0
46,13,95,94,3,0
94,6,93,8,44,3
33,81,75,77,50,1
11,95,28,70,41,4
16,68,99,48,56,4
64,59,90,62,76,1
11,89,18,19,87,0
55,82,26,6,4,3
29,59,98,17,43,4
80,66,34,8,13,3
8,94,96,100,94,1
65,43,39,81,59,3
84,88,86,93,86,1
44,9,37,74,36,0
92,28,42,43,85,1
88,42,66,55,72,1
48,91,22,27,93,4
67,13,45,10,100,3
9,54,27,34,1,4
32,89,93,71,67,2
84,20,94,35,99,1
91,90,78,17,18,2
45,93,84,53,91,4
82,68,65,1,58,3
26,20,87,10,59,4
75,41,5,65,17,3
22,98,41,93,68,3
69,11,56,51,21,0
99,76,26,19,60,1
71,47,71,26,40,4
5,21,78,4,23,3
84,15,93,8,41,4
19,46,28,91,68,4
15,99,37,1,67,3
24,27,40,63,61,2
36,98,93,24,24,1
4,67,34,57,49,1
87,53,23,69,95,0
53,62,41,57,60,0
54,70,57,10,40,0
7,38,85,61,84,1
3,51,86,47,68,2
92,76,38,36,41,1
69,13,87,58,50,1
30,62,25,27,51,1
78,57,47,100,39,1
16,22,85,54,21,2
72,16,59,31,42,0
74,32,59,34,9,4
81,11,96,10,86,0
17,68,48,52,25,0
21,65,63,89,51,4
36,81,88,66,15,1
96,39,70,1,23,2
39,57,81,34,41,2
93,73,13,70,6,0
84,52,3,81,63,4
49,76,47,55,64,3
65,81,67,90,15,1
100,32,96,68,18,0
83,43,35,78,58,2
33,14,34,61,4,4
88,59,29,83,6,4
97,49,40,83,65,0
69,27,80,6,13,3
64,62,99,19,76,2
80,43,74,89,20,0
95,68,44,23,2,3
22,57,72,7,78,4
56,67,16,83,51,1
82,80,72,97,12,2
53,75,5,27,12,2
17,6,97,5,57,3
28,78,69,59,33,0
62,50,19,86,69,4
66,94,47,39,68,3
33,13,84,54,7,1
79,87,14,87,19,1
54,93,20,29,24,1
82,63,74,57,8,3
90,62,29,74,17,4
66,6,58,69,28,2
62,41,69,82,90,0
84,41,49,91,49,2
76,71,3,10,98,4
89,35,80,2,24,2
74,38,22,26,43,3
55,39,91,29,20,1
91,41,54,20,19,4
84,99,66,30,53,4
34,22,67,6,79,2
27,10,73,97,96,3
48,70,59,100,59,2
2,29,68,65,83,2
26,89,10,53,79,4
59,22,51,48,21,2
22,100,98,30,25,1
28,65,45,68,7,2
49,9,36,83,1,1
10,36,73,46,32,4
32,6,48,38,17,3
74,27,54,50,35,1
85,25,28,15,4,3
93,73,27,26,19,3
92,17,43,41,42,1
50,84,40,39,23,4
96,52,47,63,97,0
69,43,48,34,40,3
75,61,50,67,62,3
58,33,75,16,82,4
94,48,10,82,38,4
19,36,59,63,77,2
46,3,74,65,91,4
8,51,81,73,6,3
89,39,60,28,97,1
54,37,9,82,56,0
59,85,2,61,58,2
60,40,36,37,79,1
92,18,98,63,22,0
11,58,57,77,4,0
86,7,61,54,88,0
68,92,79,1,55,1
3,78,38,1,38,2
85,29,5,74,92,2
21,71,67,47,84,0
83,35,68,69,1,1
68,12,60,27,56,0
23,25,21,61,63,4
52,88,25,55,46,2
32,55,96,5,36,3
49,58,39,80,97,0
85,61,9,6,35,4
39,22,41,5,42,2
87,81,76,87,80,1
67,30,57,86,73,2
29,37,87,13,32,1
46,23,45,17,85,1
66,6,18,94,22,0
33,30,81,32,42,0
78,10,36,34,73,2
28,11,78,39,47,4
19,15,28,24,72,2
9,47,33,62,97,3
19,67,74,40,47,1
65,29,50,98,13,1
1,34,93,48,77,0
48,49,64,61,29,4
39,88,26,17,71,0
13,69,26,49,67,3
7,58,49,53,65,2
62,17,43,25,3,2
79,29,32,26,16,4
25,54,28,73,56,0
65,93,86,80,41,0
51,71,78,29,83,3
19,66,41,45,15,2
3,11,53,46,30,0
57,18,51,48,66,4
96,8,22,6,76,2
57,36,79,92,57,3
49,45,82,66,77,4
45,79,20,64,93,1
93,67,83,3,54,3
78,64,40,59,55,4
62,4,60,75,95,0
96,91,30,2,62,1
49,9,92,31,98,3
61,79,48,25,36,0
8,73,58,45,62,1
39,96,58,81,99,2
83,64,44,29,59,0
71,92,9,92,6,4
29,58,17,16,87,3
95,3,21,64,90,1
36,86,62,42,76,0
42,61,13,11,54,2
16,8,59,57,40,3
59,2,94,94,76,3
10,44,11,79,80,0
81,90,2,50,12,2
90,23,18,62,96,1
62,38,67,38,67,0
94,61,1,94,45,1
96,28,21,13,27,3
100,7,22,74,53,1
79,79,4,96,23,2
70,88,84,84,76,4
33,28,8,1,37,2
63,22,70,21,96,1
35,79,5,60,46,0
50,48,6,89,56,3
59,29,71,77,18,4
2,8,75,97,54,0
38,48,27,20,12,0
43,61,31,91,96,2
61,74,67,91,35,1
95,15,16,13,35,2
75,59,21,54,75,1
30,48,35,86,38,2
31,78,24,49,96,0
100,32,55,79,58,3
99,3,80,69,85,1
10,83,25,68,61,4
29,19,43,66,74,4
61,43,25,20,48,0
83,87,24,11,98,2
55,28,69,63,59,2
5,51,21,12,50,0
4,42,84,38,25,4
14,75,32,11,61,4
18,27,55,54,82,2
87,75,21,44,5,1
87,41,59,89,54,3
74,22,83,65,64,1
71,4,65,15,76,4
22,86,47,81,93,1
46,14,50,20,50,3
33,59,43,79,12,1
40,20,94,38,3,1
28,56,90,94,13,1
77,66,37,49,66,1
36,54,26,75,72,0
40,43,22,20,8,4
29,40,90,30,81,3
84,55,16,46,62,4
7,80,45,59,56,0
48,27,53,87,88,0
73,35,51,84,37,0
81,95,57,8,79,0
95,94,20,53,12,1
49,17,64,42,94,4
29,19,11,98,50,2
71,58,34,20,50,3
88,10,32,52,15,0
84,3,37,40,72,4
40,56,23,11,64,0
8,93,94,56,60,0
10,39,28,49,36,0
13,96,36,26,86,0
4,95,82,64,38,0
88,87,22,2,31,3
11,92,46,96,62,4
69,64,10,40,24,0
99,44,60,62,87,0
17,65,95,95,57,0
55,53,56,98,9,0
22,13,89,48,18,1
76,40,17,15,15,1
79,63,39,13,81,2
32,9,40,20,90,0
91,85,82,77,80,2
73,63,76,44,38,3
83,60,71,99,48,2
18,16,55,39,68,4
59,89,96,62,13,1
81,6,83,77,60,1
90,14,95,54,4,0
39,72,25,77,32,0
59,63,38,92,53,3
94,67,28,3,98,3
80,22,96,38,72,4
72,62,57,6,78,0
32,99,10,3,59,0
76,49,59,31,93,3
69,62,52,89,41,3
31,85,84,22,4,3
13,45,42,49,20,1
77,81,54,36,97,2
1,15,77,17,24,2
58,72,91,23,46,0
72,8,59,90,59,1
13,39,28,89,61,3
16,2,82,17,30,0
13,96,93,94,82,1
13,43,85,94,21,4
55,81,40,83,15,1
73,52,74,95,53,0
87,52,30,33,57,2
52,9,54,1,44,3
99,75,98,80,9,4
32,15,12,97,78,1
57,8,72,27,62,0
12,65,42,62,11,0
43,95,17,97,32,3
93,85,85,40,23,0
56,6,86,50,37,0
64,54,72,49,99,3
11,88,49,21,66,4
63,83,28,17,6,2
19,56,28,66,38,2
37,68,86,90,49,1
43,36,58,13,52,4
58,32,81,100,60,1
83,58,99,56,28,2
1,42,82,48,40,3
97,63,76,72,88,0
80,4,38,27,9,2
16,56,76,31,88,4
14,25,34,67,24,2
73,26,20,64,10,4
83,67,24,5,67,4
58,27,80,15,35,4
76,53,44,26,47,1
34,87,95,50,84,3
12,87,4,87,48,2
55,1,89,66,30,3
3,21,89,84,49,0
86,85,62,97,38,2
15,52,79,46,25,3
21,88,5,70,47,3
87,68,91,18,21,0
92,99,86,23,64,4
67,40,10,89,52,2
72,75,61,64,5,2
53,55,37,56,59,0
93,69,73,59,2,4
65,60,51,30,11,2
92,76,39,90,77,2
72,63,64,61,54,2
92,94,73,95,58,4
85,56,34,31,52,0
89,76,1,55,22,2
40,1,65,63,54,3
42,21,79,81,22,4
38,99,80,8,62,1
47,17,17,90,13,0
17,38,81,78,45,3
6,35,14,72,61,2
15,54,27,13,31,1
35,60,6,69,86,0
58,49,23,89,34,4
26,47,5,90,20,1
6,70,59,64,18,1
4,17,14,78,13,3
7,44,15,19,63,0
35,81,35,19,20,3
100,35,32,48,44,3
24,61,17,71,50,2
65,99,32,36,13,4
70,58,14,37,79,1
68,40,59,80,92,0
16,62,4,45,90,4
28,96,66,31,3,4
8,24,15,43,31,0
73,45,66,8,71,4
57,80,99,30,74,2
18,69,93,39,60,4
98,43,45,23,69,2
94,6,56,4,93,1
23,6,32,18,15,1
40,96,73,74,84,3
6,63,67,11,43,2
17,96,4,63,68,1
81,41,83,5,32,4
86,70,35,22,65,0
84,22,11,77,3,0
9,60,76,87,14,2
97,18,73,23,74,3
83,47,69,47,87,4
30,25,28,98,25,2
74,78,58,94,41,0
25,78,99,48,98,2
10,99,75,11,85,4
21,86,45,7,81,1
64,64,2,76,42,4
82,54,75,16,18,1
99,59,90,16,6,1
57,47,48,42,76,1
60,77,4,2,90,2
59,27,27,79,72,0
7,63,46,63,12,2
13,43,17,63,81,0
36,85,8,69,90,4
80,36,28,93,47,3
76,30,23,16,14,4
74,71,52,37,29,2
67,15,100,47,46,2
52,19,77,21,64,0
37,27,55,29,20,2
25,70,63,36,2,1
22,96,16,18,69,2
54,100,30,45,19,0
87,34,13,43,62,0
93,100,22,52,52,1
36,73,19,38,70,0
79,57,20,9,32,3
4,50,82,5,20,4
87,75,37,22,58,2
68,93,44,34,77,3
42,9,95,7,68,2
19,94,31,35,57,3
85,61,31,83,95,2
53,32,66,59,10,1
2,66,60,88,17,0
96,16,16,46,39,0
31,88,1,11,85,1
4,71,26,50,12,3
95,81,97,75,92,4
96,65,47,92,53,3
71,2,24,4,19,0
26,75,40,50,43,4
75,67,12,67,27,2
54,66,49,16,2,4
60,54,30,84,38,3
28,25,96,10,60,1
42,40,97,77,42,2
47,37,80,22,57,3
84,27,41,80,34,2
32,90,89,66,12,4
40,73,76,90,73,0
10,96,98,48,20,3
39,60,66,65,51,1
36,24,27,2,31,4
57,78,66,29,15,3
12,28,84,24,21,1
10,78,18,88,14,3
34,58,76,22,70,4
36,45,36,22,78,3
80,61,100,56,89,2
96,33,45,36,20,4
18,38,67,23,96,3
16,59,69,68,21,0
78,95,78,70,12,3
16,81,87,14,61,2
71,46,32,15,44,1
17,41,54,44,98,1
5,27,87,78,79,1
43,97,31,99,17,0
92,83,54,62,87,2
32,40,13,84,35,4
5,73,29,70,25,1
95,22,66,45,69,2
91,89,72,1,84,3
44,87,96,75,39,0
54,88,75,29,54,2
90,16,99,20,46,2
67,65,58,53,1,4
81,66,29,84,70,2
8,29,51,33,3,4
60,35,69,91,76,0
84,20,73,39,4,0
19,91,45,43,13,3
13,60,57,86,92,4
52,53,86,43,83,4
72,72,42,90,26,1
23,43,77,28,9,1
20,56,83,39,51,3
12,79,95,55,78,0
11,26,42,27,11,1
38,98,43,19,64,2
6,46,42,92,65,0
99,72,59,52,47,2
7,11,61,68,25,4
12,26,12,43,51,0
37,46,53,88,80,3
13,89,54,57,4,4
75,96,49,7,11,4
92,54,87,45,23,2
28,57,26,25,54,4
29,83,97,36,14,1
78,35,30,92,17,0
67,80,30,93,45,1
79,89,51,47,53,2
64,38,64,87,89,2
7,22,81,82,41,0
74,10,57,7,50,4
91,52,33,1,53,3
60,34,4,17,4,2
43,90,4,1,71,0
94,50,73,61,35,3
8,24,83,36,50,4
43,27,32,78,18,2
28,29,16,99,47,0
59,31,4,37,17,0
39,48,46,90,48,0
39,4,30,30,22,2
75,66,12,94,36,3
18,90,53,71,1,0
58,90,87,90,6,4
70,44,72,24,86,0
19,18,95,30,42,3
33,74,12,94,27,2
39,9,21,76,29,0
33,62,15,2,52,0
44,54,18,3,7,4
43,82,38,37,58,4
33,59,95,11,68,0
82,68,98,93,88,0
22,66,44,6,42,4
25,57,85,55,16,3
95,14,39,28,96,1
92,51,49,9,58,1
45,22,32,69,87,0
69,42,53,96,59,4
74,39,15,71,29,2
3,83,10,92,29,2
79,35,6,12,38,1
77,93,19,67,8,3
8,84,47,4,51,1
85,67,45,8,87,0
16,77,67,9,60,3
78,77,71,15,71,2
98,41,22,24,44,4
1,10,80,72,56,4
89,50,12,89,81,0
60,26,78,41,36,1
23,43,6,69,43,0
25,18,62,13,43,4
78,28,18,59,60,2
63,57,92,51,56,4
27,32,9,96,84,3
92,97,68,46,98,4
67,26,8,6,80,4
24,48,94,45,13,3
69,25,20,82,82,1
66,74,45,47,63,4
76,77,55,75,19,0
35,53,26,14,45,4
44,88,65,51,43,0
86,23,56,19,82,3
76,55,92,92,60,4
59,33,19,28,52,3
49,37,26,99,98,3
99,40,80,38,77,1
87,54,22,16,28,4
35,60,45,46,72,0
55,86,85,26,85,0
25,65,6,23,64,4
87,43,23,96,30,1
77,18,87,79,97,1
21,57,23,91,45,1
44,82,88,47,40,0
51,42,7,50,48,3
84,91,6,91,9,1
57,31,21,90,40,0
45,77,49,87,20,0
92,17,28,41,66,3
25,58,41,6,75,4
38,6,45,75,14,4
66,40,3,99,97,1
24,19,18,64,88,1
35,62,1,100,25,3
45,49,98,89,16,1
98,93,19,23,83,3
25,16,54,73,1,0
42,19,97,34,80,1
55,18,34,89,45,0
6,21,70,96,48,2
39,31,10,30,18,3
60,88,73,95,15,2
4,63,40,9,9,1
26,4,81,16,15,0
99,52,69,5,20,1
79,18,2,93,13,2
4,42,74,61,95,1
8,67,63,9,94,4
11,99,42,13,36,2
13,12,37,74,73,1
52,71,2,56,60,0
23,40,64,85,23,1
29,78,90,51,69,0
95,89,31,50,20,4
55,81,2,25,13,1
92,70,67,58,99,4
82,75,84,64,69,2
83,86,59,60,83,0
62,16,88,68,15,2
89,55,35,55,14,0
49,83,100,7,30,4
83,49,89,16,51,3
72,82,92,80,83,1
42,17,63,45,77,4
7,27,10,34,36,0
25,6,24,18,87,0
6,29,25,55,81,0
46,24,75,26,98,0
28,3,75,38,61,1
78,51,90,48,21,2
54,56,94,59,72,3
51,20,96,86,59,1
71,9,1,29,63,0
72,56,68,35,3,1
7,27,1,91,80,4
71,44,87,41,75,0
42,33,50,63,100,3
37,59,81,99,48,0
5,48,96,3,47,3
62,99,14,63,61,3
31,95,17,24,23,2
82,50,78,79,79,2
70,27,15,50,36,1
8,79,3,62,47,1
77,98,88,96,61,3
32,94,13,1,34,0
62,79,78,93,98,4
82,71,93,31,64,4
25,38,14,8,91,0
54,2,81,78,89,0
56,94,93,84,85,2
61,22,35,16,50,4
43,17,80,58,2,3
4,85,39,98,94,1
6,81,89,69,69,2
20,64,16,51,37,4
73,69,42,57,66,0
9,100,86,64,86,4
22,34,55,29,38,3
97,18,71,65,97,2
1,88,4,4,82,0
27,43,59,32,33,3
28,55,100,60,70,1
62,80,34,87,88,2
56,13,56,18,54,3
77,43,39,61,42,3
81,79,18,23,54,0
30,98,58,68,67,1
71,18,7,40,70,3
86,65,68,49,52,2
29,21,90,78,9,3
47,76,42,51,56,4
51,70,20,88,27,2
38,72,65,54,24,2
47,71,83,86,63,3
57,55,60,99,62,0
30,93,22,75,84,2
29,41,42,98,65,4
31,30,18,17,38,0
14,87,89,79,56,0
22,67,56,19,57,0
44,98,35,1,52,2
85,93,70,37,65,0
51,1,91,21,53,3
16,61,54,40,26,0
80,92,65,100,74,4
64,43,17,59,23,1
7,44,53,71,79,4
34,46,68,78,78,2
16,71,96,19,2,0
10,50,81,12,70,0
22,32,84,1,54,3
58,70,83,18,6,0
45,97,23,23,26,4
77,7,79,44,27,2
26,97,79,36,55,1
64,91,57,69,61,0
2,55,97,80,87,1
38,80,78,29,26,0
35,79,67,87,29,2
34,97,41,41,23,4
71,3,58,32,31,2
82,43,7,1,61,1
14,52,96,6,10,0
71,90,98,30,100,1
21,60,81,97,74,4
63,42,51,64,76,2
56,80,41,32,15,1
62,27,28,81,64,1
59,58,2,36,71,4
13,15,89,87,60,0
22,63,90,97,75,1
74,25,48,43,38,4
41,45,88,40,97,0
17,88,57,2,96,0
62,88,9,68,81,2
17,50,94,40,58,4
75,85,21,18,55,0
29,24,74,17,18,2
42,84,45,82,17,3
73,14,49,29,95,4
4,82,20,47,9,3
77,79,27,15,92,0
19,90,52,26,89,4
26,26,46,92,49,2
82,96,53,3,66,0
97,42,19,17,33,4
76,49,56,63,3,4
49,55,26,99,72,3
52,100,7,46,46,0
100,16,24,61,54,2
62,1,49,25,10,2
80,16,58,72,29,0
92,6,16,20,80,0
71,78,43,26,90,1
78,71,33,26,45,3
84,63,67,52,68,0
26,75,2,14,30,0
49,12,90,44,33,1
13,78,88,98,26,1
21,28,48,100,40,4
66,73,87,79,77,2
23,81,48,2,84,3
20,59,46,3,55,4
12,40,66,100,78,0
16,83,34,44,6,1
77,64,100,22,18,2
12,52,94,51,71,4
96,48,19,6,84,2
27,53,48,7,59,1
69,11,15,64,3,4
69,23,53,37,9,4
15,3,93,70,17,2
26,21,72,21,11,1
38,72,88,35,14,0
14,10,12,38,34,4
41,10,17,17,67,0
62,95,1,12,4,1
42,13,98,85,86,4
4,82,69,19,2,4
12,81,74,98,6,0
8,51,11,63,57,3
12,73,2,8,11,0
53,100,10,85,84,0
8,36,93,76,14,3
54,85,86,21,50,1
94,39,20,88,87,1
7,9,1,26,38,4
38,61,44,86,44,2
74,62,6,17,51,2
38,24,51,10,72,4
21,70,85,57,39,2
88,33,59,18,56,0
92,57,96,76,48,0
42,27,74,52,42,3
32,26,25,75,23,3
98,57,52,87,93,4
31,64,71,33,85,4
2,18,47,33,98,4
84,35,51,18,88,0
72,30,44,53,10,2
87,52,49,11,66,4
58,90,36,33,47,4
13,40,89,68,42,0
19,82,94,19,58,0
23,54,80,65,12,0
24,34,53,8,18,2
57,5,26,30,54,4
13,83,29,3,90,1
58,76,2,75,28,1
82,77,86,76,2,4
7,26,90,88,76,4
16,23,40,60,73,4
32,15,13,5,75,4
74,52,77,41,53,2
50,15,7,40,28,1
32,99,15,100,85,3
70,65,4,11,26,1
61,37,23,93,85,1
91,40,77,23,16,0
94,61,68,80,31,4
53,25,44,12,90,4
97,92,9,12,69,4
54,54,28,56,99,0
69,98,98,77,58,2
78,75,42,38,68,2
53,33,71,56,72,3
51,74,43,15,38,2
15,5,93,83,54,2
51,10,12,4,95,4
18,80,36,25,87,1
76,98,36,67,9,2
61,53,18,43,35,2
63,98,78,4,93,0
41,45,50,79,28,3
42,80,76,69,98,0
1,39,96,90,17,4
91,88,35,46,42,1
39,90,49,62,38,3
23,22,4,49,59,0
73,68,71,87,2,2
49,88,95,31,40,2
48,51,43,98,55,3
88,49,90,80,57,2
77,15,27,68,80,0
64,94,30,36,67,0
86,86,49,76,55,2
85,56,68,95,44,2
31,58,87,53,84,4
79,23,28,16,37,1
21,79,17,37,77,3
19,30,45,18,78,0
62,36,100,84,52,3
19,44,7,44,68,4
34,66,69,55,10,0
96,42,41,77,69,4
10,10,91,60,51,4
21,8,65,92,78,2
85,30,85,49,9,3
17,69,58,57,62,3
95,52,61,40,38,2
43,63,19,100,50,3
33,13,78,97,62,2
93,43,49,36,10,0
95,6,57,1,71,4
58,91,21,92,80,4
56,87,20,54,25,3
28,5,21,18,47,1
70,57,93,19,97,4
65,3,42,21,99,2
40,67,25,55,84,1
52,44,98,85,56,1
55,87,70,77,87,4
73,81,66,19,83,4
7,63,42,42,59,4
20,73,17,27,47,2
2,63,62,100,19,1
17,69,39,82,71,3
81,39,36,40,45,2
4,25,69,30,76,0
68,88,29,73,68,4
51,24,14,69,18,1
42,57,83,12,82,2
17,30,88,75,99,0
23,81,1,79,32,2
9,15,28,24,60,2
35,86,27,83,76,3
20,65,85,49,1,3
10,47,59,96,62,2
86,18,46,32,27,0
92,18,39,49,93,1
82,44,72,54,95,1
34,71,36,18,38,4
59,9,73,72,51,4
35,82,5,14,92,1
30,4,39,84,64,2
25,28,76,66,78,2
22,31,23,48,20,3
38,55,68,79,88,3
89,1,7,57,95,4
12,5,50,42,12,1
18,66,74,79,94,2
17,68,71,62,41,1
95,34,70,45,58,0
51,34,44,15,78,1
70,50,32,67,3,0
86,86,74,51,67,3
76,93,48,17,7,3
13,66,4,10,88,4
17,52,6,83,69,1
96,74,9,91,77,1
83,21,24,4,24,0
59,99,3,68,40,3
48,54,35,95,56,0
89,40,77,68,46,3
78,13,27,6,17,0
36,99,81,2,77,3
52,66,52,92,43,0
90,22,55,67,99,3
60,58,12,88,69,0
84,39,13,41,57,1
53,12,13,74,97,4
57,40,80,45,35,0
3,5,90,11,71,4
56,10,34,67,72,1
31,75,71,66,70,1
41,63,32,20,57,3
98,50,80,25,12,4
71,39,17,45,11,2
70,23,91,70,38,3
2,86,84,89,79,4
93,72,37,49,52,0
33,22,5,18,38,0
37,94,95,64,10,1
79,42,48,44,82,2
87,97,16,54,35,0
98,28,2,94,13,4
41,80,59,69,92,4
53,45,20,24,61,0
91,94,58,27,26,4
7,42,47,53,59,4
38,69,87,92,98,1
53,15,96,26,48,2
95,19,9,64,93,1
54,51,39,4,3,2
64,29,11,97,58,4
75,27,97,21,39,2
95,46,66,91,36,4
75,82,65,63,99,4
35,31,28,1,25,1
43,84,67,63,51,1
2,82,64,74,69,3
9,2,34,60,61,0
31,10,76,36,85,3
49,70,49,3,74,3
5,90,61,85,90,2
26,72,5,15,16,4
1,16,37,3,52,4
47,95,13,80,55,4
21,66,54,27,38,0
90,58,62,46,89,2
11,72,8,97,71,2
64,21,72,63,85,4
64,20,8,58,46,3
31,93,9,15,94,0
26,10,29,80,36,3
84,37,86,71,23,1
41,93,80,28,48,2
38,31,14,97,73,2
91,88,77,90,29,3
51,49,43,92,92,0
72,87,93,5,42,2
7,42,36,27,58,3
46,66,25,73,27,0
1,87,74,42,52,3
25,54,67,6,58,0
70,53,66,58,82,4
87,2,76,22,37,0
20,24,84,65,65,1
81,1,94,3,46,4
55,75,88,86,64,3
45,26,77,65,24,4
74,35,24,28,100,4
80,16,59,81,54,3
79,16,15,98,11,3
65,79,90,68,43,1
69,99,13,10,75,3
82,98,41,50,87,2
71,59,39,3,76,2
7,49,26,33,48,1
79,2,71,32,4,0
20,36,32,28,77,0
1,60,56,35,30,2
54,36,55,89,80,3
58,83,65,69,51,1
22,88,53,100,36,0
68,36,52,53,82,0
50,80,41,18,22,4
66,21,100,44,47,2
39,29,54,90,85,3
17,80,60,31,73,1
95,78,49,2,48,0
14,59,97,99,58,4
58,51,84,2,41,2
83,82,16,4,12,2
29,7,14,12,99,1
5,81,32,74,43,0
81,69,45,9,49,1
33,100,100,18,9,1
62,57,29,78,25,4
15,6,42,29,79,2
93,4,82,57,49,3
44,80,75,14,3,2
62,64,45,82,58,2
20,58,89,57,77,4
68,78,97,92,52,3
37,8,44,98,5,0
69,31,45,9,32,3
33,67,30,76,29,0
3,90,57,30,9,3
26,2,62,3,46,1
68,25,51,13,44,3
35,55,87,9,2,4
61,41,44,64,31,0
47,2,96,82,77,2
69,58,44,74,56,4
43,89,34,30,71,0
70,55,67,13,3,0
26,57,24,53,70,2
43,60,58,49,42,1
76,100,66,11,98,4
90,18,85,100,52,2
46,44,22,53,59,2
94,30,8,98,57,1
73,20,25,19,5,4
75,79,72,83,87,2
27,40,96,26,27,1
62,83,50,42,29,4
39,60,41,33,83,3
83,97,16,23,7,0
26,96,12,72,5,1
92,69,49,26,5,0
22,79,13,28,33,3
23,97,18,30,26,2
16,77,39,33,26,2
48,65,38,2,6,4
46,50,38,88,18,1
27,41,72,92,74,1
17,62,29,58,70,4
78,22,6,26,39,0
12,99,14,22,51,2
23,48,71,50,89,2
13,85,10,55,9,1
79,52,2,25,13,1
98,51,58,34,35,4
3,59,70,48,64,3
19,67,82,73,76,0
5,67,11,94,68,3
69,1,91,92,63,3
29,82,12,77,41,1
2,37,45,80,48,1
24,99,22,100,11,1
58,46,29,35,15,3
60,95,42,43,80,0
74,49,64,32,64,1
2,24,87,66,38,2
31,26,29,67,78,0
25,48,65,53,67,2
90,18,9,38,87,0
21,65,21,27,70,1
44,100,28,45,17,4
40,3,76,76,66,1
46,86,87,30,69,3
9,85,11,69,99,3
91,66,88,31,33,0
39,94,46,37,92,3
60,31,11,87,2,1
27,99,2,21,58,2
5,52,45,85,93,1
20,61,38,20,25,0
2,32,26,70,41,3
67,97,1,51,5,2
13,19,12,48,25,4
57,35,76,94,5,2
98,22,77,57,47,2
54,3,53,84,31,1
69,88,33,72,88,4
50,84,16,76,77,0
39,89,46,96,88,0
47,44,9,87,50,2
77,60,96,15,36,2
63,69,86,80,41,3
74,24,82,49,18,4
7,4,90,69,60,2
55,16,99,90,82,3
29,23,14,79,49,4
33,25,21,17,23,0
57,81,58,14,93,3
20,30,19,53,56,4
77,82,23,62,33,3
18,73,33,32,61,2
54,17,19,91,70,1
99,34,84,25,68,0
74,74,88,85,11,2
91,16,90,61,94,2
80,7,16,99,16,4
40,12,35,21,50,3
43,100,17,32,41,0
6,88,27,20,25,2
66,9,92,53,61,4
38,3,84,70,97,0
55,1,70,45,98,3
47,79,26,14,54,2
71,46,31,88,59,2
95,29,96,17,14,2
36,58,24,63,91,0
25,59,32,82,18,0
37,26,9,99,64,0
72,20,54,86,83,0
30,53,92,99,63,4
11,31,49,100,94,1
87,19,12,15,31,4
43,37,79,29,26,2
2,84,15,4,86,4
50,38,23,59,90,3
75,28,66,8,29,0
11,18,55,50,14,3
74,99,9,99,11,3
63,76,67,53,39,2
78,56,28,75,39,0
25,21,10,43,15,3
83,48,86,21,60,2
96,50,23,13,69,0
4,92,78,72,9,1
35,21,58,18,97,2
72,81,43,95,98,4
6,86,78,67,12,0
100,12,66,2,15,3
23,29,81,96,7,3
94,28,14,44,30,4
81,32,70,88,6,4
27,82,88,24,34,3
40,47,79,75,86,0
24,65,18,44,76,2
57,28,71,23,85,4
34,11,86,35,93,4
42,28,82,78,82,4
92,24,8,53,72,1
4,91,100,5,97,0
49,98,30,72,63,0
47,26,57,37,98,0
7,40,92,39,62,0
92,78,53,4,82,0
25,7,28,69,67,3
95,20,83,11,67,4
87,7,23,61,71,3
34,19,58,9,48,1
82,41,48,45,25,2
78,25,19,39,79,4
80,27,74,63,68,1
19,28,85,78,33,3
10,83,30,22,3,2
82,75,48,2,76,1
54,6,40,93,94,2
2,73,2,93,97,1
74,98,55,72,60,3
97,6,19,96,27,2
1,33,40,32,69,1
17,8,57,42,98,3
9,87,35,71,79,4
53,54,84,25,67,3
62,55,46,24,98,3
46,22,11,48,8,4
39,35,49,46,38,3
8,54,37,91,92,4
40,34,96,79,17,4
33,47,52,80,93,4
9,33,60,93,77,1
21,58,85,69,10,2
6,13,65,20,57,1
46,8,10,73,67,4
11,12,10,25,49,2
49,89,11,62,36,2
39,53,90,78,56,4
1,56,4,30,12,2
35,77,52,31,87,2
68,52,80,7,22,1
93,75,56,97,58,2
93,64,12,7,55,4
62,90,73,98,77,0
55,36,89,24,44,0
17,2,13,31,93,0
28,60,27,15,95,4
79,33,20,42,12,0
73,23,72,96,14,1
91,25,77,85,31,4
54,5,13,28,43,4
89,99,47,71,38,4
96,67,62,39,37,2
86,8,81,52,91,2
33,81,42,76,27,2
8,23,64,93,20,3
16,17,80,19,8,1
